Title,Format,Price
Twilight,Paperback,3.69
Breaking Dawn,Paperback,8.27
New Moon,Paperback,7.26
Eclipse,Paperback,8.27
Fifty Shades of Grey,Paperback,13.49
Miles to Go,Paperback,16.97
"Guilty: Liberal ""Victims"" and Their Assault on America",Paperback,64.35
Scientology: The Fundamentals of Thought,Paperback,18.8
The Twilight Saga,Paperback,65.28
The Da Vinci Code,Paperback,9.19
The Shack,Paperback,13.07
Hannah Montana and Miley Cyrus: Best of Both Worlds Concert,Paperback,12.71
"Book of Mormon, Doctrine and Covenants, Pearl of Great Price",Paperback,25.44
Hannah Montana 2: Meet Miley Cyrus,Paperback,12.95
The No Spin Zone: Confrontations with the Powerful and Famous in America,Paperback,24.14
An Inconvenient Book: Real Solutions to the World's Biggest Problems,Paperback,21.77
Let Freedom Ring: Winning the War of Liberty over Liberalism,Paperback,5.99
"Eat, Pray, Love",Paperback,0.88
Evermore,Paperback,3.47
The Catcher in the Rye,Paperback,16.76
The Audacity of Hope: Thoughts on Reclaiming the American Dream,Paperback,8.5
The Short Second Life of Bree Tanner,Paperback,7.27
"Deliver Us from Evil: Defeating Terrorism, Despotism, and Liberalism",Paperback,11.07
Sex and the City,Paperback,17.59
The Golden Compass,Paperback,8.27
Fifty Shades Darker,Paperback,11.95
An Inconvenient Truth: The Planetary Emergency of Global Warming and What We Can Do About It,Paperback,18.25
First Step 2 Forever,Paperback,6.76
Scientology 8-8008: How to Increase Your Spirituality Ability from Zero to Infinity,Paperback,30.0
The Lost Symbol,Paperback,6.99
Justin Bieber: His World,Paperback,55.99
Animal Farm,Paperback,16.99
Confessions of a Shopaholic,Paperback,3.49
"The O'Reilly Factor: The Good, the Bad, and the Completely Ridiculous in American Life",Paperback,10.41
"I Want to Tell You: My Response to Your Letters, Your Messages, Your Questions",Hardcover,14.42
The Christmas Sweater,Paperback,7.74
Fifty Shades Freed,Paperback,7.35
Atonement,Paperback,20.93
The Red Badge of Courage,Paperback,12.35
The Giver,Paperback,5.73
The Purpose Driven Life: What on Earth Am I Here for?,Paperback,4.3
Introduction to Scientology Ethics,Hardcover,12.18
Who's Looking Out for You?,Paperback,2.23
To Kill a Mockingbird,Paperback,7.5
Lord of the Flies,Paperback,18.95
Fahrenheit 451,Paperback,6.99
Fallen,Paperback,7.34
Heart of Darkness,Paperback,18.02
The Host,Paperback,8.27
"Glenn Beck's Common Sense: The Case Against an Out-of-Control Government, Inspired by Thomas Paine",Paperback,9.71
Cold Mountain,Paperback,12.31
Tess of the D'Urbervilles,Paperback,5.03
Atlas Shrugged,Paperback,12.0
On the Road,Paperback,19.09
The Alchemist,Paperback,14.37
Chicken Soup for the Soul,Paperback,3.24
Interview with the Vampire,Paperback,17.69
The House on Mango Street,Paperback,2.86
Bridget Jones's Diary,Paperback,2.66
Things Fall Apart,Paperback,7.5
The Pearl,Paperback,23.75
Wicked: The Life and Times of the Wicked Witch of the West,Paperback,29.76
Zen and the Art of Motorcycle Maintenance: An Inquiry Into Values,Paperback,8.62
"Dude, Where's My Country?",Paperback,11.57
Marked,Paperback,9.93
Prozac Nation,Paperback,2.18
The Girls' Guide to Hunting and Fishing,Paperback,10.2
Anthem,Paperback,38.15
Lolita,Paperback,7.99
Forrest Gump,Paperback,6.5
The Shipping News,Paperback,10.65
Dune,Paperback,6.99
The Obama Nation,Paperback,20.48
Catch-22,Paperback,2.5
1984,Paperback,13.15
Hannah Montana: Recorder Fun! Pack,Paperback,5.49
The Red Tent,Paperback,8.99
Liberty and Tyranny: A Conservative Manifesto,Paperback,12.21
Jane Eyre,Paperback,4.82
The Pilot's Wife,Paperback,18.8
Digital Fortress,Paperback,6.29
Memoirs of a Geisha,Paperback,5.99
Your Best Life Now: 7 Steps to Living at Your Full Potential,Paperback,9.72
How To Get Rich,Paperback,20.21
City of Bones,Paperback,5.99
Portrait of a Killer: Jack the Ripper - Case Closed,Paperback,17.41
Pride and Prejudice and Zombies,Paperback,11.75
The Bad Beginning,Paperback,8.78
The Secret,Paperback,54.99
A Wrinkle in Time,Paperback,3.47
Ulysses,Paperback,3.99
Love Story,Paperback,26.85
Brave New World,Paperback,9.6
House of Sand and Fog,Paperback,15.95
The Adventures of Huckleberry Finn,Paperback,1.01
"Hush, Hush",Paperback,7.99
Little Women,Paperback,13.95
The Nanny Diaries,Paperback,2.99
The 7 Habits of Highly Effective People: Powerful Lessons in Personal Change,Paperback,4.45
The Lovely Bones,Paperback,2.2
